feature,normal_mean,fraud_mean,mean_difference,abs_mean_difference
V10,-0.0032,1.9975,2.0007,2.0007
V18,-0.0224,1.7937,1.8161,1.8161
V15,-0.0158,1.7844,1.8003,1.8003
V8,-0.0084,1.7457,1.7541,1.7541
V25,0.0152,1.7663,1.7511,1.7511
V24,0.0219,1.7427,1.7208,1.7208
V27,0.0025,1.6946,1.6921,1.6921
V28,-0.0094,1.636,1.6454,1.6454
V23,-0.0063,1.6292,1.6355,1.6355
V4,0.0094,1.6393,1.6299,1.6299
V1,-0.0058,1.5904,1.5962,1.5962
V6,0.0026,1.5935,1.5909,1.5909
V5,0.0076,1.5872,1.5796,1.5796
V22,-0.0047,1.571,1.5757,1.5757
V12,-0.006,1.5585,1.5645,1.5645
V7,0.0099,1.5536,1.5437,1.5437
V16,-0.0089,1.4864,1.4953,1.4953
V3,0.0105,1.4897,1.4792,1.4792
V2,0.0095,1.4828,1.4733,1.4733
V13,0.006,1.4632,1.4572,1.4572
V19,0.0032,1.396,1.3928,1.3928
V17,-0.0043,1.3459,1.3502,1.3502
V14,-0.0067,1.3256,1.3323,1.3323
V9,0.0151,1.2197,1.2046,1.2046
V26,-0.0179,1.1448,1.1627,1.1627
V11,0.0124,1.1049,1.0926,1.0926
V20,0.0104,1.0463,1.0359,1.0359
V21,0.0019,0.8687,0.8668,0.8668
